,,,,
,,,,
,,,,
,,,,
,,,,
,,,,
,,,,
,,,,
,,,,
,,,,
,,,,
,,,,
,,,,
,,,,
,,,,
,,,,
,,,,
,,,,
,,,,
,,,,
,,,,
,,,,
,,,,
,,,,
,,,,
,,,,
,,,,
,,,,
,,,,
,,,,
,,,,
,,,,
,,,,
,,,,
,,,,
,,,,
,,,,
,,,,
,,,,
,,,,
,,,,
,,,,
,,,,
,,,,
,,,,
,,,,
,,,,
,,,,
,,,,
,,,,
,,,,
,,,,
,,,,
,,,,
,,,,
,,,,
,,,,
,,,,
,,,,
,,,,
,,,,
,,,,
,,,,
,,,,
,,,,
,,,,
,,,,
,,,,
,,,,
,,,,
,,,,
,,,,
,,,,
,,,,
,,,,
,,,,
,,,,
,,,,
,,,,
,,,,
,,,,
,,,,
,,,,
,,,,
,,,,
,,,,
,,,,
,,,,
,,,,
,,,,
,,,,
,,,,
,,,,
,,,,
,,,,
,,,,
,,,,
,,,,
,,,,
,,,,
,,,,
,,,,
,,,,
,,,,
,,,,
,,,,
,,,,
,,,,
,,,,
,,,,
,,,,
,,,,
,,,,
,,,,
,,,,
カテゴリ,用語,説明,出典URL,
基本概念,人工知能（AI）,人間の知能を機械で模倣する技術,https://gkentei.techblog.jp/archives/cat_285848.html,
基本概念,機械学習,データから規則を学習し予測や分類を行う技術,https://gkentei.techblog.jp/archives/cat_285848.html,
基本概念,ディープラーニング,多層ニューラルネットによる機械学習の一分野,https://gkentei.techblog.jp/archives/cat_285848.html,
基本概念,教師あり学習,入力と正解のペアを用いて学習する手法,https://gkentei.techblog.jp/archives/cat_285848.html,
基本概念,教師なし学習,正解ラベルなしのデータで構造を抽出する手法,https://gkentei.techblog.jp/archives/cat_285848.html,
基本概念,半教師あり学習,ラベル付きとラベルなしデータを併用して学習する手法,https://gkentei.techblog.jp/archives/cat_285848.html,
基本概念,自己教師あり学習,擬似ラベルを自動生成して学習する手法,https://gkentei.techblog.jp/archives/cat_285848.html,
基本概念,汎化性能,モデルが未知データにどれだけ適用できるかの能力,https://gkentei.techblog.jp/archives/cat_285848.html,
基本概念,過学習,モデルが訓練データに過度に適合し汎化性能が低下する現象,https://gkentei.techblog.jp/archives/cat_285848.html,
基本概念,バイアス,データやモデルに含まれる系統的な偏り,https://gkentei.techblog.jp/archives/cat_285848.html,
モデル・アルゴリズム,CNN（畳み込みニューラルネットワーク）,画像処理に特化したニューラルネット構造,https://gkentei.techblog.jp/archives/cat_285848.html,
モデル・アルゴリズム,RNN（再帰型ニューラルネットワーク）,時系列データを扱う構造,https://gkentei.techblog.jp/archives/cat_285848.html,
モデル・アルゴリズム,LSTM,長期依存関係を扱うRNN構造,https://gkentei.techblog.jp/archives/cat_285848.html,
モデル・アルゴリズム,GRU,簡易化されたRNN構造でLSTMに近い性能,https://gkentei.techblog.jp/archives/cat_285848.html,
モデル・アルゴリズム,Transformer,アテンションをベースにしたニューラルネット,https://gkentei.techblog.jp/archives/cat_285848.html,
モデル・アルゴリズム,BERT,Transformerベースの事前学習言語モデル,https://gkentei.techblog.jp/archives/cat_285848.html,
モデル・アルゴリズム,GPTシリーズ,事前学習と微調整を組み合わせた言語モデル群,https://gkentei.techblog.jp/archives/cat_285848.html,
モデル・アルゴリズム,GAN（敵対的生成ネットワーク）,生成モデルと識別モデルを競わせる手法,https://gkentei.techblog.jp/archives/cat_285848.html,
モデル・アルゴリズム,StyleGAN,高解像度画像生成が可能なGAN,https://gkentei.techblog.jp/archives/cat_285848.html,
モデル・アルゴリズム,YOLO,リアルタイム物体検出モデル,https://gkentei.techblog.jp/archives/cat_285848.html,
モデル・アルゴリズム,ResNet,残差接続を用いた深層ニューラルネット,https://gkentei.techblog.jp/archives/cat_285848.html,
モデル・アルゴリズム,EfficientNet,高精度かつ軽量なCNNモデル,https://gkentei.techblog.jp/archives/cat_285848.html,
評価指標・統計,mAP (mean Average Precision),物体検出の評価指標で全時刻のAPの平均,https://gkentei.techblog.jp/archives/26149021.html,
評価指標・統計,Accuracy（正解率）,全予測中の正解割合,https://gkentei.techblog.jp/archives/cat_285848.html,
評価指標・統計,F値（F1スコア）,適合率と再現率の調和平均,https://gkentei.techblog.jp/archives/cat_285848.html,
評価指標・統計,混同行列（Confusion Matrix）,分類結果を集計した表,https://gkentei.techblog.jp/archives/cat_285848.html,
評価指標・統計,ROC曲線,偽陽性率と真陽性率の関係を示すグラフ,https://gkentei.techblog.jp/archives/cat_285848.html,
評価指標・統計,AUC,ROC曲線下の面積でモデル性能を示す指標,https://gkentei.techblog.jp/archives/cat_285848.html,
評価指標・統計,クロスエントロピー損失,分類タスクで用いられる損失関数,https://gkentei.techblog.jp/archives/cat_285848.html,
評価指標・統計,二乗誤差損失,回帰タスクで用いられる損失関数,https://gkentei.techblog.jp/archives/cat_285848.html,
評価指標・統計,KLダイバージェンス,確率分布間の差を測る尺度,https://gkentei.techblog.jp/archives/cat_285848.html,
最適化・学習手法,SGD（確率的勾配降下法）,サンプル単位で更新を行う勾配降下法,https://gkentei.techblog.jp/archives/cat_285848.html,
最適化・学習手法,Adam,モーメンタムとRMSpropを組み合わせた最適化手法,https://gkentei.techblog.jp/archives/cat_285848.html,
最適化・学習手法,AdaGrad,学習率を特徴量ごとに調整する最適化手法,https://gkentei.techblog.jp/archives/cat_285848.html,
最適化・学習手法,RMSprop,勾配の二乗移動平均で学習率を調整する手法,https://gkentei.techblog.jp/archives/cat_285848.html,
最適化・学習手法,正則化,過学習を防ぐためにモデルにペナルティを加える手法,https://gkentei.techblog.jp/archives/cat_285848.html,
最適化・学習手法,ドロップアウト,学習時に一部のユニットを無効化して過学習を防ぐ,https://gkentei.techblog.jp/archives/cat_285848.html,
最適化・学習手法,Batch Normalization,学習の安定化と高速化を目指す層の正規化手法,https://gkentei.techblog.jp/archives/cat_285848.html,
強化学習,Q学習,Q値に基づく強化学習の代表的手法,https://gkentei.techblog.jp/archives/cat_285848.html,
強化学習,SARSA,オンポリシー型の強化学習アルゴリズム,https://gkentei.techblog.jp/archives/cat_285848.html,
強化学習,Actor-Critic,方策ベースと価値ベースを組み合わせた手法,https://gkentei.techblog.jp/archives/cat_285848.html,
強化学習,A3C,分散環境で学習を高速化する手法,https://gkentei.techblog.jp/archives/cat_285848.html,
強化学習,方策勾配法,方策パラメータを直接更新する強化学習手法,https://gkentei.techblog.jp/archives/cat_285848.html,
強化学習,多腕バンディット問題,複数の選択肢から最大報酬を探す確率的意思決定問題,https://gkentei.techblog.jp/archives/cat_285848.html,
データ前処理・特徴量,正規化,データの値を一定の範囲にスケーリングする処理,https://gkentei.techblog.jp/archives/cat_285848.html,
データ前処理・特徴量,標準化,データの平均を0,分散を1に変換する処理,
データ前処理・特徴量,ワンホットエンコーディング,カテゴリ変数を0/1ベクトルに変換,https://gkentei.techblog.jp/archives/cat_285848.html,
データ前処理・特徴量,欠損値処理,欠損データを補完または削除する工程,https://gkentei.techblog.jp/archives/cat_285848.html,
データ前処理・特徴量,外れ値検出,異常に外れた値を特定する処理,https://gkentei.techblog.jp/archives/cat_285848.html,
次元削減・可視化,PCA（主成分分析）,分散が最大となる軸を見つける次元削減手法,https://gkentei.techblog.jp/archives/cat_285848.html,
次元削減・可視化,t-SNE,高次元データを2D/3Dに可視化する手法,https://gkentei.techblog.jp/archives/cat_285848.html,
次元削減・可視化,UMAP,高速で局所構造保持に優れた次元削減手法,https://gkentei.techblog.jp/archives/cat_285848.html,
倫理・社会,アシロマAI原則,AI倫理と安全を促進する23原則の提言,https://gkentei.techblog.jp/archives/22568907.html,
倫理・社会,AI効果,AIを「ただの自動化」と認識してしまう心理傾向,https://gkentei.techblog.jp/archives/15473399.html,
倫理・社会,公平性,AIの出力が偏らないようにするための指標,https://gkentei.techblog.jp/archives/cat_285848.html,
倫理・社会,説明可能AI（XAI）,AIの判断理由を人間が理解できるようにする技術,https://gkentei.techblog.jp/archives/cat_285848.html,
難関理論・発展分野,メタラーニング,少ないデータで新しいタスクに適応できる学習,https://gkentei.techblog.jp/archives/cat_285848.html,
難関理論・発展分野,ゼロショット学習,学習していないクラスを分類する手法,https://gkentei.techblog.jp/archives/cat_285848.html,
難関理論・発展分野,ワンショット学習,極少数サンプルで学習する手法,https://gkentei.techblog.jp/archives/cat_285848.html,
難関理論・発展分野,Few-shot学習,少数サンプルで高精度を出す学習手法,https://gkentei.techblog.jp/archives/cat_285848.html,
難関理論・発展分野,POMDP（部分観測マルコフ決定過程）,観測が不完全な環境でのMDP,https://gkentei.techblog.jp/archives/cat_285848.html,
難関理論・発展分野,グラフニューラルネットワーク（GNN）,グラフ構造データに対応したニューラルネット,https://gkentei.techblog.jp/archives/cat_285848.html,
難関理論・発展分野,EMアルゴリズム,潜在変数を含むモデルのパラメータ推定法,https://gkentei.techblog.jp/archives/cat_285848.html,
難関理論・発展分野,ベイズネットワーク,確率変数間の依存関係を表す有向グラフモデル,https://gkentei.techblog.jp/archives/cat_285848.html,
難関理論・発展分野,マルコフ決定過程（MDP）,強化学習の環境を定義する確率過程,https://gkentei.techblog.jp/archives/cat_285848.html,
難関理論・発展分野,部分観測マルコフ決定過程（POMDP）,観測が不完全な環境でのMDP,https://gkentei.techblog.jp/archives/cat_285848.html,
難関理論・発展分野,ベイズ最適化,確率モデルを利用して関数最適化を行う手法,https://gkentei.techblog.jp/archives/cat_285848.html,
難関理論・発展分野,コントラスト学習,類似度を高めるペアと低めるペアを同時に学習する手法,https://gkentei.techblog.jp/archives/cat_285848.html,
難関理論・発展分野,潜在変数モデル,観測されない変数を含む確率モデル,https://gkentei.techblog.jp/archives/cat_285848.html,
難関理論・発展分野,ガウス混合モデル（GMM）,複数のガウス分布を組み合わせた確率モデル,https://gkentei.techblog.jp/archives/cat_285848.html,
難関理論・発展分野,ラプラス近似,ベイズ推定で事後分布を近似する方法,https://gkentei.techblog.jp/archives/cat_285848.html,
難関理論・発展分野,カルバック・ライブラー情報量（KL情報量）,2つの確率分布間の差異を測る尺度,https://gkentei.techblog.jp/archives/cat_285848.html,
難関理論・発展分野,エントロピー,情報の不確実性を測る指標,https://gkentei.techblog.jp/archives/cat_285848.html,
難関理論・発展分野,情報利得,決定木で分割の有効性を測る指標,https://gkentei.techblog.jp/archives/cat_285848.html,
難関理論・発展分野,マルチモーダル学習,異なる種類のデータを統合して学習する手法,https://gkentei.techblog.jp/archives/cat_285848.html,
難関理論・発展分野,トランスファーラーニング,他のタスクで学んだ知識を転用する学習手法,https://gkentei.techblog.jp/archives/cat_285848.html,
難関理論・発展分野,知識蒸留,大規模モデルの知識を小規模モデルに移す手法,https://gkentei.techblog.jp/archives/cat_285848.html,
難関理論・発展分野,状態価値関数,ある状態の価値を表す関数,https://gkentei.techblog.jp/archives/cat_285848.html,
難関理論・発展分野,行動価値関数,状態と行動の組み合わせの価値を表す関数,https://gkentei.techblog.jp/archives/cat_285848.html,
難関理論・発展分野,Bellman方程式,価値関数を再帰的に定義する式,https://gkentei.techblog.jp/archives/cat_285848.html,
難関理論・発展分野,スパース表現,多くの値が0になる特徴表現,https://gkentei.techblog.jp/archives/cat_285848.html,
難関理論・発展分野,再帰的特徴消去（RFE）,特徴量を重要度順に削除して性能を最適化する手法,https://gkentei.techblog.jp/archives/cat_285848.html,
基本概念,AI白書,AIに関する技術・政策動向などをまとめた報告書,https://gkentei.techblog.jp/archives/2024-01.html,
基本概念,AI効果,「それはただの自動化」と見られがちな現象,https://gkentei.techblog.jp/archives/15473399.html,
基本概念,汎化誤差,未知データでの予測誤差のこと,https://gkentei.techblog.jp/archives/cat_285848.html,
基本概念,フレーム問題,AIの行動選択における論理的課題,https://gkentei.techblog.jp/archives/cat_285848.html,
モデル・アルゴリズム,YOLOv3,YOLOシリーズの改良版で精度と速度を両立,https://gkentei.techblog.jp/archives/cat_285848.html,
モデル・アルゴリズム,Faster R-CNN,物体検出の高精度モデル,https://gkentei.techblog.jp/archives/cat_285848.html,
モデル・アルゴリズム,Mask R-CNN,物体検出とインスタンスセグメンテーションを統合したモデル,https://gkentei.techblog.jp/archives/cat_285848.html,
モデル・アルゴリズム,SSD (Single Shot MultiBox Detector),高速な物体検出モデル,https://gkentei.techblog.jp/archives/cat_285848.html,
モデル・アルゴリズム,EfficientDet,EfficientNetを基盤にした物体検出モデル,https://gkentei.techblog.jp/archives/cat_285848.html,
モデル・アルゴリズム,OpenPose,人物姿勢推定モデル,https://gkentei.techblog.jp/archives/cat_285848.html,
モデル・アルゴリズム,MediaPipe,Googleが提供する姿勢・手・顔検出フレームワーク,https://gkentei.techblog.jp/archives/cat_285848.html,
モデル・アルゴリズム,NeRF,ニューラルレンダリングによる3D再構築手法,https://gkentei.techblog.jp/archives/cat_285848.html,
評価指標・統計,シルエット係数,クラスタ間の分離度を測る指標,https://gkentei.techblog.jp/archives/cat_285848.html,
評価指標・統計,エルボー法,クラスタ数の適切さを判断する手法,https://gkentei.techblog.jp/archives/cat_285848.html,
評価指標・統計,ヒートマップ,値の大小を色で表現する可視化手法,https://gkentei.techblog.jp/archives/cat_285848.html,
評価指標・統計,箱ひげ図,データの分布を四分位数と外れ値で示す図,https://gkentei.techblog.jp/archives/cat_285848.html,
評価指標・統計,散布図行列,複数変数間の関係を可視化する図,https://gkentei.techblog.jp/archives/cat_285848.html,
最適化・学習手法,学習率スケジューリング,学習の進行に合わせて学習率を変化させる手法,https://gkentei.techblog.jp/archives/cat_285848.html,
最適化・学習手法,グリッドサーチ,全てのパラメータ組み合わせを試す探索法,https://gkentei.techblog.jp/archives/cat_285848.html,
最適化・学習手法,ランダムサーチ,パラメータ空間からランダムに探索する手法,https://gkentei.techblog.jp/archives/cat_285848.html,
最適化・学習手法,ベイズ最適化,確率モデルを用いてパラメータ探索を効率化する手法,https://gkentei.techblog.jp/archives/cat_285848.html,
強化学習,探索と活用のトレードオフ,未知の行動と既知の行動のバランスを取る考え方,https://gkentei.techblog.jp/archives/cat_285848.html,
強化学習,Epsilon-Greedy法,一定確率でランダム行動を選ぶ探索手法,https://gkentei.techblog.jp/archives/cat_285848.html,
強化学習,ソフトマックス探索,行動選択確率をソフトマックス関数で計算,https://gkentei.techblog.jp/archives/cat_285848.html,
データ前処理・特徴量,ラベルエンコーディング,カテゴリ変数を整数に変換する手法,https://gkentei.techblog.jp/archives/cat_285848.html,
データ前処理・特徴量,Zスコア,標準偏差に基づく外れ値判定指標,https://gkentei.techblog.jp/archives/cat_285848.html,
データ前処理・特徴量,IQR（四分位範囲）,外れ値を検出する統計的指標,https://gkentei.techblog.jp/archives/cat_285848.html,
データ前処理・特徴量,特徴量選択,予測性能向上のために重要な特徴量を選ぶ手法,https://gkentei.techblog.jp/archives/cat_285848.html,
データ前処理・特徴量,特徴量エンジニアリング,新たな特徴量を作成・変換してモデル性能を高める手法,https://gkentei.techblog.jp/archives/cat_285848.html,
データ前処理・特徴量,データ正規化,数値データを統一スケールに変換する処理,https://gkentei.techblog.jp/archives/cat_285848.html,
次元削減・可視化,線形判別分析（LDA）,クラス間分離を最大化する次元削減手法,https://gkentei.techblog.jp/archives/cat_285848.html,
次元削減・可視化,DBSCAN,密度に基づくクラスタリング手法,https://gkentei.techblog.jp/archives/cat_285848.html,
次元削減・可視化,階層的クラスタリング,データを階層構造でグループ化する手法,https://gkentei.techblog.jp/archives/cat_285848.html,
次元削減・可視化,ウォード法,クラスタ間の分散を最小化する階層型クラスタリング手法,https://gkentei.techblog.jp/archives/cat_285848.html,
倫理・社会,差分プライバシー,統計情報から個人を特定できないようにする技術,https://gkentei.techblog.jp/archives/cat_285848.html,
倫理・社会,フェデレーテッドラーニング,分散環境でデータを共有せずに学習する手法,https://gkentei.techblog.jp/archives/cat_285848.html,
倫理・社会,セキュアマルチパーティ計算,複数の当事者が互いの情報を秘匿したまま計算を行う技術,https://gkentei.techblog.jp/archives/cat_285848.html,
倫理・社会,敵対的攻撃（Adversarial Attack）,AIモデルを誤認させるための入力改ざん,https://gkentei.techblog.jp/archives/cat_285848.html,
倫理・社会,敵対的防御（Adversarial Defense）,敵対的攻撃に耐性を持たせる技術,https://gkentei.techblog.jp/archives/cat_285848.html,
難関理論・発展分野,カオス理論,初期条件のわずかな差が長期的に大きな結果の差になる現象を扱う理論,https://gkentei.techblog.jp/archives/cat_285848.html,
難関理論・発展分野,カーネル主成分分析（KPCA）,非線形構造をカーネル法で主成分分析する手法,https://gkentei.techblog.jp/archives/cat_285848.html,
難関理論・発展分野,スパース表現,多くの値が0になる特徴表現,https://gkentei.techblog.jp/archives/cat_285848.html,
難関理論・発展分野,マハラノビス距離,分散を考慮した距離尺度,https://gkentei.techblog.jp/archives/cat_285848.html,
難関理論・発展分野,ユークリッド距離,2点間の直線距離,https://gkentei.techblog.jp/archives/cat_285848.html,
難関理論・発展分野,マンハッタン距離,座標軸に沿った距離,https://gkentei.techblog.jp/archives/cat_285848.html,
難関理論・発展分野,コサイン類似度,ベクトル間の類似度を測る指標,https://gkentei.techblog.jp/archives/cat_285848.html,
難関理論・発展分野,JSダイバージェンス,KLダイバージェンスを対称化した指標,https://gkentei.techblog.jp/archives/cat_285848.html,
難関理論・発展分野,Huber損失,外れ値に頑健な回帰損失関数,https://gkentei.techblog.jp/archives/cat_285848.html,
基礎数学,確率,事象の起こりやすさを0〜1で定義する数学の概念。,https://gkentei.techblog.jp/,
基礎数学,条件付き確率,ある条件が成り立つときの確率を表す。,https://gkentei.techblog.jp/,
基礎数学,ベイズの定理,事前確率と尤度から事後確率を計算する公式。,https://gkentei.techblog.jp/,
基礎数学,期待値,確率変数の平均的な値。,https://gkentei.techblog.jp/,
基礎数学,分散,データの散らばり具合を表す指標。,https://gkentei.techblog.jp/,
基礎数学,標準偏差,分散の平方根。ばらつきの尺度。,https://gkentei.techblog.jp/,
基礎数学,共分散,2変数の同時変動の大きさ。,https://gkentei.techblog.jp/,
基礎数学,相関係数（ピアソン）,2変数の線形な関係の強さ（-1〜1）。,https://gkentei.techblog.jp/,
基礎数学,スピアマン相関,順位に基づく相関係数。,https://gkentei.techblog.jp/,
基礎数学,カイ二乗検定,カテゴリデータの独立性などを検定する方法。,https://gkentei.techblog.jp/,
基礎数学,t検定,2群の平均の差の有意性を検定する方法。,https://gkentei.techblog.jp/,
基礎数学,ANOVA（分散分析）,複数群の平均差の有意性を検定する。,https://gkentei.techblog.jp/,
基礎数学,尤度,モデルがデータを生成する確からしさ。,https://gkentei.techblog.jp/,
基礎数学,対数尤度,尤度の対数。最適化で扱いやすい形。,https://gkentei.techblog.jp/,
基礎数学,最尤推定,尤度を最大化するパラメータ推定法。,https://gkentei.techblog.jp/,
基礎数学,AIC（赤池情報量規準）,モデルの当てはまりと複雑さのトレードオフ指標。,https://gkentei.techblog.jp/,
基礎数学,BIC（ベイズ情報量規準）,AICに似るが罰則がより強い情報量基準。,https://gkentei.techblog.jp/,
基礎数学,エントロピー（情報量）,不確実性の度合いを表す尺度。,https://gkentei.techblog.jp/,
基礎数学,正規分布,平均と分散で特徴づけられる連続分布。,https://gkentei.techblog.jp/,
基礎数学,二項分布,成功/失敗の回数の分布。,https://gkentei.techblog.jp/,
基礎数学,ポアソン分布,単位時間あたりの事象回数の分布。,https://gkentei.techblog.jp/,
基礎数学,ガンマ分布,連続正の値をとる確率分布。,https://gkentei.techblog.jp/,
基礎数学,ベータ分布,0〜1の確率に対する事前分布として用いられる。,https://gkentei.techblog.jp/,
基礎数学,指数分布,待ち時間の分布。記憶なし性を持つ。,https://gkentei.techblog.jp/,
基礎数学,幾何分布,最初の成功までの試行回数の分布。,https://gkentei.techblog.jp/,
基礎数学,多項分布,カテゴリの出現回数の分布。,https://gkentei.techblog.jp/,
基礎数学,コーシー分布,裾が重い連続分布の代表。,https://gkentei.techblog.jp/,
基礎数学,t分布,小標本の平均の分布。,https://gkentei.techblog.jp/,
基礎数学,F分布,分散比の分布。ANOVAで登場。,https://gkentei.techblog.jp/,
基礎数学,シグモイド関数,S字型の活性化関数。0〜1を出力。,https://gkentei.techblog.jp/,
基礎数学,ソフトマックス関数,多クラス確率への正規化関数。,https://gkentei.techblog.jp/,
基礎数学,ReLU,負を0,正をそのまま出力する活性化関数。,https://gkentei.techblog.jp/
基礎数学,Leaky ReLU,負に小さな傾きを持たせたReLU。,https://gkentei.techblog.jp/,
基礎数学,ELU,指数的に滑らかなReLU変種。,https://gkentei.techblog.jp/,
基礎数学,Swish,x*sigmoid(x) の活性化。,https://gkentei.techblog.jp/,
基礎数学,GELU,正規分布に基づく滑らかな活性化。,https://gkentei.techblog.jp/,
機械学習,損失関数,学習時に最小化（最大化）する目的関数。,https://gkentei.techblog.jp/,
機械学習,平均二乗誤差（MSE）,回帰でよく使う誤差の二乗平均。,https://gkentei.techblog.jp/,
機械学習,MAE（平均絶対誤差）,誤差の絶対値の平均。外れ値に頑健。,https://gkentei.techblog.jp/,
機械学習,正則化（L1/L2）,過学習抑制のための罰則項。,https://gkentei.techblog.jp/,
機械学習,早期終了（Early Stopping）,検証損失の悪化で学習を止める手法。,https://gkentei.techblog.jp/,
機械学習,バッチ正規化,各層の内部共変量シフトを緩和する正規化。,https://gkentei.techblog.jp/,
機械学習,層正規化,系列ごとに正規化する手法。,https://gkentei.techblog.jp/,
機械学習,グループ正規化,チャネルをグループ化して正規化。,https://gkentei.techblog.jp/,
機械学習,重み減衰,L2正則化の別名。,https://gkentei.techblog.jp/,
機械学習,勾配消失問題,深いネットで勾配が小さくなる問題。,https://gkentei.techblog.jp/,
機械学習,勾配爆発問題,勾配が大きく発散する問題。,https://gkentei.techblog.jp/,
機械学習,アンサンブル学習,複数モデルを統合して精度を高める。,https://gkentei.techblog.jp/,
機械学習,バギング,データ再抽出の学習を平均化して安定化。,https://gkentei.techblog.jp/,
機械学習,ブースティング,弱学習器を逐次的に強化して性能を上げる。,https://gkentei.techblog.jp/,
機械学習,スタッキング,複数モデルの出力を別モデルで統合。,https://gkentei.techblog.jp/,
機械学習,交差検証,データ分割で汎化性能を評価する手法。,https://gkentei.techblog.jp/,
機械学習,ホールドアウト検証,訓練/検証/テストに分けて評価。,https://gkentei.techblog.jp/,
機械学習,アンダーフィッティング,モデルが複雑さ不足で学習不十分。,https://gkentei.techblog.jp/,
機械学習,外れ値,一般的な傾向から大きく外れたデータ点。,https://gkentei.techblog.jp/,
機械学習,共変量シフト,訓練と本番で入力分布が変わる現象。,https://gkentei.techblog.jp/,
機械学習,データリーク,検証に訓練情報が混入して評価が甘くなる問題。,https://gkentei.techblog.jp/,
機械学習,学習率,勾配降下の一歩の大きさを決めるパラメータ。,https://gkentei.techblog.jp/,
機械学習,ミニバッチ,小規模のデータ塊で逐次学習する手法。,https://gkentei.techblog.jp/,
機械学習,重み初期化,学習の安定化のための初期値設定。,https://gkentei.techblog.jp/,
モデル,線形回帰,連続値を線形結合で予測する基本モデル。,https://gkentei.techblog.jp/,
モデル,ロジスティック回帰,確率的二値分類モデル。,https://gkentei.techblog.jp/,
モデル,リッジ回帰,L2正則化付き線形回帰。,https://gkentei.techblog.jp/,
モデル,ラッソ回帰,L1正則化付き線形回帰。,https://gkentei.techblog.jp/,
モデル,Elastic Net,L1とL2を併用する回帰。,https://gkentei.techblog.jp/,
モデル,決定木,特徴でデータを分割して予測する木構造。,https://gkentei.techblog.jp/,
モデル,ランダムフォレスト,多数の決定木のアンサンブル。,https://gkentei.techblog.jp/,
モデル,勾配ブースティング木,逐次的に残差を学習する木ベース手法。,https://gkentei.techblog.jp/,
モデル,XGBoost,高速・高性能な勾配ブースティング実装。,https://gkentei.techblog.jp/,
モデル,LightGBM,勾配に基づく葉成長で高速なGBDT。,https://gkentei.techblog.jp/,
モデル,CatBoost,カテゴリ特徴に強いブースティング。,https://gkentei.techblog.jp/,
モデル,SVM（サポートベクターマシン）,最大マージンで分類するカーネル法。,https://gkentei.techblog.jp/,
モデル,k近傍法（k-NN）,近いサンプル多数決で分類・回帰。,https://gkentei.techblog.jp/,
モデル,ナイーブベイズ,条件付き独立を仮定する確率分類器。,https://gkentei.techblog.jp/,
モデル,主成分分析（PCA）,分散最大の方向へ次元削減。,https://gkentei.techblog.jp/,
モデル,LDA（線形判別分析）,クラス分離を最大にする次元削減。,https://gkentei.techblog.jp/,
モデル,k平均法（k-means）,重心に基づくクラスタリング。,https://gkentei.techblog.jp/,
モデル,混合ガウスモデル（GMM）,複数正規分布の混合で表現する。,https://gkentei.techblog.jp/,
モデル,HMM（隠れマルコフモデル）,隠れ状態を持つ確率的系列モデル。,https://gkentei.techblog.jp/,
モデル,自己回帰（AR）,過去値から現在を予測する時系列モデル。,https://gkentei.techblog.jp/,
モデル,ARIMA,差分と移動平均を含む時系列モデル。,https://gkentei.techblog.jp/,
モデル,Prophet,季節性とトレンドを組み合わせた時系列予測。,https://gkentei.techblog.jp/,
深層学習,ニューラルネットワーク,線形変換と非線形で構成される学習モデル。,https://gkentei.techblog.jp/,
深層学習,多層パーセプトロン（MLP）,全結合層で構成される基本的なNN。,https://gkentei.techblog.jp/,
深層学習,CNN（畳み込みNN）,畳み込みで局所パターンを抽出するNN。,https://gkentei.techblog.jp/,
深層学習,RNN,系列データに再帰的に適用されるNN。,https://gkentei.techblog.jp/,
深層学習,Encoder-Decoder,入力をエンコーダで圧縮しデコーダで生成。,https://gkentei.techblog.jp/,
深層学習,注意機構（Attention）,重要な部分に重みを割り当てる仕組み。,https://gkentei.techblog.jp/,
深層学習,自己注意,同一系列内での注意計算。,https://gkentei.techblog.jp/,
深層学習,マルチヘッド注意,複数の注意頭で多様な関係を学習。,https://gkentei.techblog.jp/,
深層学習,位置エンコーディング,系列順序をベクトルに埋め込む。,https://gkentei.techblog.jp/,
深層学習,Inception,異なる受容野の畳み込みを並列配置。,https://gkentei.techblog.jp/,
深層学習,MobileNet,軽量畳み込みでモバイル向けに特化。,https://gkentei.techblog.jp/,
深層学習,ViT（Vision Transformer）,画像パッチにTransformerを適用。,https://gkentei.techblog.jp/,
深層学習,UNet,エンコーダ・デコーダとスキップ接続の構造。,https://gkentei.techblog.jp/,
生成AI,VAE（変分オートエンコーダ）,潜在変数でデータ生成を学習するモデル。,https://gkentei.techblog.jp/,
生成AI,GAN,生成器と識別器の競合でデータ生成。,https://gkentei.techblog.jp/,
生成AI,拡散モデル（Diffusion）,ノイズ除去過程でデータを生成する。,https://gkentei.techblog.jp/,
生成AI,DDPM,拡散モデルの基本的手法。,https://gkentei.techblog.jp/,
生成AI,DDIM,推論を高速化する拡散派生法。,https://gkentei.techblog.jp/,
生成AI,Stable Diffusion,テキスト条件付きの画像生成モデル。,https://gkentei.techblog.jp/,
生成AI,ControlNet,構造条件を付与して制御する拡張。,https://gkentei.techblog.jp/,
生成AI,LoRA,低ランク適応で微調整を軽量化。,https://gkentei.techblog.jp/,
生成AI,テキストから画像生成,文章に基づき画像を合成する技術。,https://gkentei.techblog.jp/,
生成AI,テキストから音声生成（TTS）,文章から自然な音声を合成する。,https://gkentei.techblog.jp/,
生成AI,ボイスコンバージョン（VC）,話者特性を別の声に変換する。,https://gkentei.techblog.jp/,
生成AI,RVC,Retrieval-based Voice Conversionの略称。,https://gkentei.techblog.jp/,
生成AI,SVC,Singing Voice Conversionの略称。,https://gkentei.techblog.jp/,
生成AI,音声クローニング,特定話者の声質を模倣する技術。,https://gkentei.techblog.jp/,
最適化,確率的勾配降下法（SGD）,勾配に基づく逐次更新で最適化。,https://gkentei.techblog.jp/,
最適化,モーメンタム,過去勾配を慣性として利用し収束を加速。,https://gkentei.techblog.jp/,
最適化,Nesterov加速,先読み勾配で収束を改善する手法。,https://gkentei.techblog.jp/,
最適化,RMSProp,二乗平均で学習率を調整。,https://gkentei.techblog.jp/,
最適化,AdamW,L2正則化を分離したAdamの改良。,https://gkentei.techblog.jp/,
最適化,Lion,大きな更新を抑制する最近の最適化手法。,https://gkentei.techblog.jp/,
最適化,学習率スケジューラ,段階的・余弦などで学習率を変化。,https://gkentei.techblog.jp/,
最適化,重み減衰（Weight Decay）,パラメータの過大化を抑制する項。,https://gkentei.techblog.jp/,
評価,正解率（Accuracy）,全体のうち正解した割合。,https://gkentei.techblog.jp/,
評価,適合率（Precision）,陽性と予測した中での正解割合。,https://gkentei.techblog.jp/,
評価,再現率（Recall）,実際の陽性のうち検出できた割合。,https://gkentei.techblog.jp/,
評価,F1スコア,PrecisionとRecallの調和平均。,https://gkentei.techblog.jp/,
評価,混同行列,予測と実際の分類のクロス表。,https://gkentei.techblog.jp/,
評価,LogLoss,確率的予測の誤差を測る指標。,https://gkentei.techblog.jp/,
評価,RMSE,二乗誤差の平方根。,https://gkentei.techblog.jp/,
評価,MAE,誤差の絶対値平均。,https://gkentei.techblog.jp/,
評価,MAPE,相対誤差の平均。,https://gkentei.techblog.jp/,
評価,mAP,平均適合率の平均。検出で用いる。,https://gkentei.techblog.jp/,
評価,BLEU,機械翻訳のn-gram一致指標。,https://gkentei.techblog.jp/,
評価,ROUGE,生成文の要約評価に使う指標群。,https://gkentei.techblog.jp/,
評価,CIDEr,画像説明文の評価指標。,https://gkentei.techblog.jp/,
NLP,Bag-of-Words,単語出現頻度に基づく表現。,https://gkentei.techblog.jp/,
NLP,TF-IDF,単語の重要度を頻度と逆文書頻度で測る。,https://gkentei.techblog.jp/,
NLP,Word2Vec,単語の分散表現を学習する手法。,https://gkentei.techblog.jp/,
NLP,GloVe,共起統計に基づく単語ベクトル。,https://gkentei.techblog.jp/,
NLP,FastText,サブワード情報を使う単語表現。,https://gkentei.techblog.jp/,
NLP,GPT,自己回帰で次単語を予測する生成モデル。,https://gkentei.techblog.jp/,
NLP,T5,テキストをテキストに変換する統一枠組み。,https://gkentei.techblog.jp/,
NLP,mT5,多言語版T5。,https://gkentei.techblog.jp/,
NLP,LLaMA,Metaの大規模言語モデル系列。,https://gkentei.techblog.jp/,
NLP,トークナイザ,テキストをサブワードに分割する処理。,https://gkentei.techblog.jp/,
NLP,SentencePiece,サブワード分割の一般的実装。,https://gkentei.techblog.jp/,
NLP,BPE（Byte Pair Encoding）,反復置換に基づくサブワード化。,https://gkentei.techblog.jp/,
NLP,UnigramLMトークナイズ,確率モデルに基づくサブワード化。,https://gkentei.techblog.jp/,
NLP,位置埋め込み,系列順序をエンコードするベクトル。,https://gkentei.techblog.jp/,
NLP,ポインタ・ジェネレータ,コピー機構を備えた生成手法。,https://gkentei.techblog.jp/,
NLP,RAG（検索拡張生成）,検索結果を取り込みながら生成する枠組み。,https://gkentei.techblog.jp/,
NLP,指示追従微調整（SFT）,人手指示データでLLMを微調整。,https://gkentei.techblog.jp/,
NLP,RLHF,人間のフィードバックで方策最適化する微調整。,https://gkentei.techblog.jp/,
NLP,評価ベンチマーク（MMLU）,知識・推論の総合評価指標。,https://gkentei.techblog.jp/,
CV,エッジ検出,画像の輝度変化の境界を強調する処理。,https://gkentei.techblog.jp/,
CV,HOG特徴,勾配方向ヒストグラム特徴量。,https://gkentei.techblog.jp/,
CV,SIFT,スケール不変な局所特徴量。,https://gkentei.techblog.jp/,
CV,SURF,高速なSIFT派生の特徴量。,https://gkentei.techblog.jp/,
CV,ORB,計算効率の良いバイナリ特徴量。,https://gkentei.techblog.jp/,
CV,SVM検出器,特徴量とSVMで物体検出。,https://gkentei.techblog.jp/,
CV,SSD,複数スケールの検出器で検出。,https://gkentei.techblog.jp/,
CV,セマンティックセグメンテーション,画素ごとにクラスを割り当てる。,https://gkentei.techblog.jp/,
CV,インスタンスセグメンテーション,個々の物体ごとに領域を分離。,https://gkentei.techblog.jp/,
CV,パノプティックセグメンテーション,セマンティック＋インスタンスの統合。,https://gkentei.techblog.jp/,
CV,ポーズ推定,人体の関節位置などを推定する。,https://gkentei.techblog.jp/,
CV,画像超解像,低解像度から高解像度画像を生成。,https://gkentei.techblog.jp/,
CV,画像キャプション生成,画像内容の説明文を生成。,https://gkentei.techblog.jp/,
CV,視覚質問応答（VQA）,画像に関する質問に答える。,https://gkentei.techblog.jp/,
CV,CLIP,テキストと画像を共同で埋め込むモデル。,https://gkentei.techblog.jp/,
音声,スペクトログラム,時間周波数表現。,https://gkentei.techblog.jp/,
音声,メル周波数ケプストラム係数（MFCC）,音声の低次元特徴量。,https://gkentei.techblog.jp/,
音声,ピッチ（基本周波数）,音の高さを表す周波数。,https://gkentei.techblog.jp/,
音声,フォルマント,母音の共鳴周波数帯。,https://gkentei.techblog.jp/,
音声,ボコーダ,音声の分析・合成器の総称。,https://gkentei.techblog.jp/,
音声,WaveNet,畳み込みで生成する音声モデル。,https://gkentei.techblog.jp/,
音声,HiFi-GAN,高速高品質な音声生成モデル。,https://gkentei.techblog.jp/,
音声,GRIFFIN-LIM,位相推定による音声再構成法。,https://gkentei.techblog.jp/,
音声,帯域拡張,狭帯域音声を広帯域に拡張。,https://gkentei.techblog.jp/,
音声,ボイスアクティビティ検出（VAD）,音声区間を検出する技術。,https://gkentei.techblog.jp/,
強化学習,エージェント,環境と相互作用し報酬を最大化する主体。,https://gkentei.techblog.jp/,
強化学習,環境,エージェントが行動する世界の設定。,https://gkentei.techblog.jp/,
強化学習,状態,環境の現在の情報表現。,https://gkentei.techblog.jp/,
強化学習,行動,エージェントが選択する操作。,https://gkentei.techblog.jp/,
強化学習,報酬,行動の良さを示すスカラー値。,https://gkentei.techblog.jp/,
強化学習,価値関数,将来の累積報酬の期待値。,https://gkentei.techblog.jp/,
強化学習,方策（ポリシー）,行動を決める確率分布。,https://gkentei.techblog.jp/,
強化学習,DQN,Q学習に深層学習を組み合わせた手法。,https://gkentei.techblog.jp/,
強化学習,Double DQN,過大評価を抑えるDQN拡張。,https://gkentei.techblog.jp/,
強化学習,Dueling Network,価値とアドバンテージを分離して学習。,https://gkentei.techblog.jp/,
強化学習,A2C/A3C,並列化した方策勾配法。,https://gkentei.techblog.jp/,
強化学習,PPO,クリッピングで安定化した方策最適化。,https://gkentei.techblog.jp/,
強化学習,TD誤差,推定と目標のズレ。,https://gkentei.techblog.jp/,
MLOps,データクレンジング,欠損・外れ値・重複の処理を行う工程。,https://gkentei.techblog.jp/,
MLOps,特徴量ストア,特徴量の再利用・一貫性を保つ基盤。,https://gkentei.techblog.jp/,
MLOps,データバージョニング,データの変更履歴を追跡可能にする。,https://gkentei.techblog.jp/,
MLOps,モデルバージョニング,学習済みモデルの履歴管理。,https://gkentei.techblog.jp/,
MLOps,MLパイプライン,学習から配備までを自動化する流れ。,https://gkentei.techblog.jp/,
MLOps,CI/CD,継続的統合と継続的デリバリー。,https://gkentei.techblog.jp/,
MLOps,モデル監視,本番環境での劣化・ドリフト検知。,https://gkentei.techblog.jp/,
MLOps,データドリフト,入力分布の変化で性能が低下する現象。,https://gkentei.techblog.jp/,
MLOps,概念ドリフト,入力-出力関係自体の変化。,https://gkentei.techblog.jp/,
MLOps,オンライン推論,API経由でリアルタイムに予測。,https://gkentei.techblog.jp/,
MLOps,バッチ推論,蓄積データに対して一括予測。,https://gkentei.techblog.jp/,
MLOps,A/Bテスト,2案の性能差を統計的に比較。,https://gkentei.techblog.jp/,
MLOps,カナリアリリース,段階的に新モデルを展開。,https://gkentei.techblog.jp/,
MLOps,シャドーデプロイ,本番並走で影響なく挙動評価。,https://gkentei.techblog.jp/,
MLOps,スケーリング,負荷に応じた自動拡張。,https://gkentei.techblog.jp/,
倫理・政策,AI倫理,公平性・説明責任・透明性などの原則。,https://gkentei.techblog.jp/,
倫理・政策,公平性指標,差別を検知・緩和するためのメトリクス。,https://gkentei.techblog.jp/,
倫理・政策,プライバシー保護,個人情報を適切に扱うための技術と制度。,https://gkentei.techblog.jp/,
倫理・政策,AI規制（EU AI法 など）,リスクベースの枠組みによる規制動向。,https://gkentei.techblog.jp/,
倫理・政策,著作権とAI,学習・生成物の法的扱いに関する論点。,https://gkentei.techblog.jp/,
ツール,NumPy,配列演算の基盤ライブラリ。,https://gkentei.techblog.jp/,
ツール,Pandas,表形式データ処理のライブラリ。,https://gkentei.techblog.jp/,
ツール,Matplotlib,Pythonの標準的な可視化ライブラリ。,https://gkentei.techblog.jp/,
ツール,Plotly,インタラクティブな可視化フレームワーク。,https://gkentei.techblog.jp/,
ツール,Seaborn,統計的可視化の高水準API。,https://gkentei.techblog.jp/,
ツール,Scikit-learn,機械学習の代表的ライブラリ。,https://gkentei.techblog.jp/,
ツール,TensorFlow,Googleの深層学習フレームワーク。,https://gkentei.techblog.jp/,
ツール,Keras,高水準の深層学習API。,https://gkentei.techblog.jp/,
ツール,PyTorch,動的計算グラフのDLフレームワーク。,https://gkentei.techblog.jp/,
ツール,JAX,自動微分と高速化に強い数値計算。,https://gkentei.techblog.jp/,
ツール,OpenCV,画像処理・CVの標準ライブラリ。,https://gkentei.techblog.jp/,
ツール,Librosa,音声信号処理ライブラリ。,https://gkentei.techblog.jp/,
ツール,pydub,音声の分割・結合などの処理。,https://gkentei.techblog.jp/,
ツール,PrettyMIDI,MIDI操作用Pythonライブラリ。,https://gkentei.techblog.jp/,
ツール,SoundFile,音声入出力のためのライブラリ。,https://gkentei.techblog.jp/,
ツール,Gradio,機械学習アプリのUIを素早く構築。,https://gkentei.techblog.jp/,
ツール,Streamlit,データアプリ構築の高速フレームワーク。,https://gkentei.techblog.jp/,
ツール,Hugging Face Transformers,事前学習モデル群の利用ライブラリ。,https://gkentei.techblog.jp/,
ツール,Diffusers,拡散モデルの実装ライブラリ。,https://gkentei.techblog.jp/,
データセット,MNIST,手書き数字画像のベンチマーク。,https://gkentei.techblog.jp/,
データセット,CIFAR-10/100,小型カラー画像の分類データ。,https://gkentei.techblog.jp/,
データセット,ImageNet,大規模画像分類データセット。,https://gkentei.techblog.jp/,
データセット,COCO,検出・分割・キャプションの大規模データ。,https://gkentei.techblog.jp/,
データセット,Pascal VOC,古典的な物体検出ベンチマーク。,https://gkentei.techblog.jp/,
データセット,LibriSpeech,大規模音声認識コーパス。,https://gkentei.techblog.jp/,
データセット,Common Voice,Mozillaの音声データプロジェクト。,https://gkentei.techblog.jp/,
データセット,WSJ音声コーパス,Wall Street Journalの音声認識データ。,https://gkentei.techblog.jp/,
データセット,WikiText,言語モデル学習用のテキストコーパス。,https://gkentei.techblog.jp/,
データセット,SQuAD,質問応答のベンチマーク。,https://gkentei.techblog.jp/,
データセット,GLUE/SuperGLUE,NLPの多タスク評価セット。,https://gkentei.techblog.jp/,
データセット,WMT,機械翻訳のワークショップデータ。,https://gkentei.techblog.jp/,
生成AI,プロンプトエンジニアリング,生成モデルに効果的な入力を設計する技術。,https://gkentei.techblog.jp/,
生成AI,ネガティブプロンプト,避けたい要素を明示して生成を制御。,https://gkentei.techblog.jp/,
生成AI,シード値,乱数初期値。再現性の鍵。,https://gkentei.techblog.jp/,
生成AI,ガイダンススケール,条件への忠実度と多様性のバランス調整。,https://gkentei.techblog.jp/,
生成AI,アップスケーリング,生成画像の解像度を引き上げる工程。,https://gkentei.techblog.jp/,
生成AI,顔修復,顔の破綻を補正する後処理。,https://gkentei.techblog.jp/,
生成AI,画像から画像生成,入力画像を条件に新画像を生成。,https://gkentei.techblog.jp/,
生成AI,インペインティング,画像の一部を塗り直して再生成。,https://gkentei.techblog.jp/,
生成AI,アウトペインティング,画像の外側を拡張生成する。,https://gkentei.techblog.jp/,
線形代数,行列,数の長方配列。線形変換を表す。,https://gkentei.techblog.jp/,
線形代数,ベクトル,大きさと向きを持つ量の表現。,https://gkentei.techblog.jp/,
線形代数,固有値,線形変換で伸縮のみを受ける値。,https://gkentei.techblog.jp/,
線形代数,固有ベクトル,同じ方向のまま伸縮するベクトル。,https://gkentei.techblog.jp/,
線形代数,特異値分解（SVD）,行列を直交行列と特異値で分解。,https://gkentei.techblog.jp/,
線形代数,直交化（QR分解）,行列を直交行列と上三角に分解。,https://gkentei.techblog.jp/,
線形代数,勾配,関数の最急上昇方向のベクトル。,https://gkentei.techblog.jp/,
線形代数,ヘシアン,2階微分の行列。曲率を表す。,https://gkentei.techblog.jp/,
線形代数,ヤコビアン,ベクトル値関数の偏微分行列。,https://gkentei.techblog.jp/,
線形代数,ラプラシアン,2階微分演算子。拡散過程に関連。,https://gkentei.techblog.jp/,
セキュリティ,敵対的攻撃,入力に微小ノイズを加えて誤分類させる攻撃。,https://gkentei.techblog.jp/,
セキュリティ,敵対的訓練,敵対例に対する頑健性を高める学習。,https://gkentei.techblog.jp/,
セキュリティ,データ汚染攻撃,学習データに悪意の変更を混入。,https://gkentei.techblog.jp/,
セキュリティ,モデル抽出攻撃,ブラックボックスからモデルを複製。,https://gkentei.techblog.jp/,
セキュリティ,メンバーシップ推論,あるデータが学習に使われたかを推測。,https://gkentei.techblog.jp/,
セキュリティ,バックドア攻撃,トリガで悪意の挙動を誘発させる。,https://gkentei.techblog.jp/,
生成AI,拡散モデル：条件付け,条件情報（テキスト等）を潜在に与える設計。,https://gkentei.techblog.jp/,
生成AI,拡散モデル：スケジューラ,ノイズ強度を段階的に調整する手順。,https://gkentei.techblog.jp/,
生成AI,拡散モデル：Classifier-Free Guidance,分類器なしで条件強度を制御。,https://gkentei.techblog.jp/,
深層学習,正規化フロー（Normalizing Flow）,可逆変換で尤度計算を可能にする生成。,https://gkentei.techblog.jp/,
深層学習,自己回帰モデル,過去生成結果に条件付けて次を生成。,https://gkentei.techblog.jp/,
評価,Calibration（信頼度較正）,予測確率の適切さを調整・評価。,https://gkentei.techblog.jp/,
MLOps,Feature Drift Monitoring,特徴の分布変化を監視する仕組み。,https://gkentei.techblog.jp/,
MLOps,Model Registry,モデルの保存・配布・承認の中枢。,https://gkentei.techblog.jp/,
NLP,多言語埋め込み,言語間で意味を共有するベクトル表現。,https://gkentei.techblog.jp/,
NLP,体系的一般化,未見組合せへの一般化能力。,https://gkentei.techblog.jp/,
CV,自己教師あり学習（SimCLR）,データ拡張一致で表現を学習。,https://gkentei.techblog.jp/,
CV,自己教師あり学習（MoCo）,辞書キューで表現学習を安定化。,https://gkentei.techblog.jp/,
CV,自己教師あり学習（BYOL）,自己蒸留で表現を獲得。,https://gkentei.techblog.jp/,
人物,ジェフリー・ヒントン,深層学習の先駆者の一人。,https://gkentei.techblog.jp/,
人物,ヨシュア・ベンジオ,深層学習研究の第一人者。,https://gkentei.techblog.jp/,
人物,ヤン・ルカン,畳み込みネットを発展させた研究者。,https://gkentei.techblog.jp/,
人物,ジュルゲン・シュミットフーバー,LSTMなどの貢献で知られる研究者。,https://gkentei.techblog.jp/,
人物,イアン・グッドフェロー,GANを提案した研究者。,https://gkentei.techblog.jp/,
人物,イルヤ・サツケバー,大規模言語モデルの研究者。,https://gkentei.techblog.jp/,
人物,アンドリュー・ン,機械学習教育と実務の牽引者。,https://gkentei.techblog.jp/,
人物,クォック・レ,GoogleでDL研究を牽引した研究者。,https://gkentei.techblog.jp/,
人物,カーニ・チャクラバルティ,AI倫理・社会実装の研究者。,https://gkentei.techblog.jp/,
人物,トーマス・ミコロフ,Word2Vecの研究者の一人。,https://gkentei.techblog.jp/,
人物,アショク・ヴァスワニ,Transformerを提案した筆頭著者。,https://gkentei.techblog.jp/,
人物,カイミング・ヒ,ResNetの筆頭著者。,https://gkentei.techblog.jp/,
人物,ピオトル・ドルジアガ,コンピュータビジョンの研究者。,https://gkentei.techblog.jp/,
人物,レックス・フリードマン,AI関連の発信で知られる研究者。,https://gkentei.techblog.jp/,
人物,ファイファイ・リー,ImageNetで著名な研究者。,https://gkentei.techblog.jp/,
損失関数,ヒンジ損失,SVMで用いられるマージン最大化損失。,https://gkentei.techblog.jp/,
損失関数,フォーカルロス,不均衡データの検出タスクで有効な損失。,https://gkentei.techblog.jp/,
損失関数,トリプレット損失,埋め込みの距離学習に使う損失。,https://gkentei.techblog.jp/,
損失関数,コントラスト損失,類似・非類似の対を学習する損失。,https://gkentei.techblog.jp/,
損失関数,InfoNCE,自己教師あり学習で使われる対比的損失。,https://gkentei.techblog.jp/,
損失関数,Dice損失,セグメンテーションの重なり最適化損失。,https://gkentei.techblog.jp/,
損失関数,IoU損失,領域の重なりを直接最適化。,https://gkentei.techblog.jp/,
前処理,データ拡張（Data Augmentation）,学習データを変換し汎化を高める。,https://gkentei.techblog.jp/,
前処理,ミックスアップ（mixup）,サンプル線形混合による拡張。,https://gkentei.techblog.jp/,
前処理,カットアウト（cutout）,画像の一部をマスクして学習。,https://gkentei.techblog.jp/,
前処理,カットミックス（CutMix）,画像とラベルを切貼り混合。,https://gkentei.techblog.jp/,
前処理,RandAugment,ランダムな拡張を一定本数適用。,https://gkentei.techblog.jp/,
前処理,AutoAugment,方策探索で最適な拡張を学習。,https://gkentei.techblog.jp/,
深層学習,DenseNet,密結合で勾配伝播を改善する構造。,https://gkentei.techblog.jp/,
深層学習,SENet,チャンネル注意で表現力を向上。,https://gkentei.techblog.jp/,
深層学習,ShuffleNet,チャネルシャッフルで軽量化。,https://gkentei.techblog.jp/,
深層学習,RegNet,設計空間から規則的ネットを抽出。,https://gkentei.techblog.jp/,
深層学習,ConvNeXt,Convを現代的に再設計したモデル。,https://gkentei.techblog.jp/,
深層学習,Swin Transformer,階層的ウィンドウ注意の画像モデル。,https://gkentei.techblog.jp/,
深層学習,DeiT,データ効率に優れたViT変種。,https://gkentei.techblog.jp/,
深層学習,SAM（Segment Anything）,万能セグメンテーションを目指す基盤モデル。,https://gkentei.techblog.jp/,
深層学習,BEiT,自己教師ありでトークン化学習するViT。,https://gkentei.techblog.jp/,
データセット,KITTI,自動運転向けの視覚データセット。,https://gkentei.techblog.jp/,
データセット,Cityscapes,都市景観のセグメンテーションデータ。,https://gkentei.techblog.jp/,
データセット,ADE20K,多様なシーンのセグメンテーション。,https://gkentei.techblog.jp/,
データセット,Kinetics-700,動画アクション認識の大規模データ。,https://gkentei.techblog.jp/,
データセット,UCF101,動画アクション認識の古典的データ。,https://gkentei.techblog.jp/,
データセット,HMDB51,動画アクションの評価データセット。,https://gkentei.techblog.jp/,
データセット,ImageNet-21k,より大規模な画像分類データ。,https://gkentei.techblog.jp/,
データセット,MS MARCO,検索・QAの大規模ベンチマーク。,https://gkentei.techblog.jp/,
データセット,BEIR,情報検索の多様な評価ベンチマーク。,https://gkentei.techblog.jp/,
検索・埋め込み,BM25,確率的情報検索モデルの一種。,https://gkentei.techblog.jp/,
検索・埋め込み,DPR（密な段落検索）,エンコーダで文書と質問を埋め込み。,https://gkentei.techblog.jp/,
検索・埋め込み,Sentence-BERT,文表現を学習するモデル。,https://gkentei.techblog.jp/,
検索・埋め込み,FAISS,高速な近傍探索ライブラリ。,https://gkentei.techblog.jp/,
検索・埋め込み,Milvus,スケーラブルなベクトルDB。,https://gkentei.techblog.jp/,
検索・埋め込み,Weaviate,ベクトル検索プラットフォーム。,https://gkentei.techblog.jp/,
検索・埋め込み,Chroma,軽量なローカル向けベクトルDB。,https://gkentei.techblog.jp/,
検索・埋め込み,LangChain,LLMアプリ構築用のパターン集。,https://gkentei.techblog.jp/,
検索・埋め込み,LlamaIndex,ドキュメント指向のRAGフレームワーク。,https://gkentei.techblog.jp/,
MLOps,MLflow,実験・モデルの追跡と配備を支援。,https://gkentei.techblog.jp/,
MLOps,Kubeflow,Kubernetes上のMLワークフロー基盤。,https://gkentei.techblog.jp/,
MLOps,Apache Airflow,スケジューリングとワークフロー管理。,https://gkentei.techblog.jp/,
MLOps,Metaflow,データサイエンスの生産性向上ツール。,https://gkentei.techblog.jp/,
MLOps,DVC,データとモデルのバージョン管理。,https://gkentei.techblog.jp/,
MLOps,Weights & Biases,実験可視化と監視のSaaS。,https://gkentei.techblog.jp/,
クラウド,SageMaker,AWSの機械学習プラットフォーム。,https://gkentei.techblog.jp/,
クラウド,Vertex AI,Google CloudのML統合サービス。,https://gkentei.techblog.jp/,
クラウド,Azure Machine Learning,MicrosoftのMLサービス群。,https://gkentei.techblog.jp/,
古典AI,A*探索,ヒューリスティックで最短経路を探索する手法。,https://gkentei.techblog.jp/,
古典AI,幅優先探索（BFS）,浅い層から順に探索する手法。,https://gkentei.techblog.jp/,
古典AI,深さ優先探索（DFS）,深く掘り進める探索手法。,https://gkentei.techblog.jp/,
古典AI,ミニマックス法,ゲーム木で最適手を選ぶ手法。,https://gkentei.techblog.jp/,
古典AI,アルファベータ法,ミニマックスの枝刈り最適化。,https://gkentei.techblog.jp/,
古典AI,制約充足問題（CSP）,制約条件を満たす解を探す問題。,https://gkentei.techblog.jp/,
古典AI,命題論理,真偽で命題を扱う論理体系。,https://gkentei.techblog.jp/,
古典AI,述語論理,対象と述語で表現する論理体系。,https://gkentei.techblog.jp/,
LLM,Zero-shot学習,例示なしの指示への一般化。,https://gkentei.techblog.jp/,
LLM,思考連鎖（CoT）,中間推論を言語化して性能を向上。,https://gkentei.techblog.jp/,
LLM,自己一致チェック,出力の一貫性で妥当性を測る手法。,https://gkentei.techblog.jp/,
LLM,ツール使用（Tool Use）,外部APIやDBを呼び出して拡張。,https://gkentei.techblog.jp/,
LLM,関数呼び出し（Function Calling）,構造化した関数をLLMが呼ぶ仕組み。,https://gkentei.techblog.jp/,
LLM,エージェント型LLM,計画と実行を繰り返す自律的LLM。,https://gkentei.techblog.jp/,
グラフML,GCN（Graph Convolutional Network）,グラフ構造上の畳み込みに基づく学習。,https://gkentei.techblog.jp/,
グラフML,GAT（Graph Attention Network）,注意機構で近傍重み付けするグラフNN。,https://gkentei.techblog.jp/,
グラフML,GraphSAGE,サンプリングで大規模グラフを学習。,https://gkentei.techblog.jp/,
グラフML,ノード分類,グラフの頂点にラベルを割り当てる課題。,https://gkentei.techblog.jp/,
グラフML,リンク予測,未観測のエッジの有無を推定する課題。,https://gkentei.techblog.jp/,
グラフML,グラフ埋め込み,ノードやグラフを連続ベクトルに写像。,https://gkentei.techblog.jp/,
推薦,協調フィルタリング,行動履歴の類似性に基づく推薦。,https://gkentei.techblog.jp/,
推薦,内容ベース推薦,アイテム特徴に基づく推薦。,https://gkentei.techblog.jp/,
推薦,行列分解,評価行列を分解して潜在要因を抽出。,https://gkentei.techblog.jp/,
推薦,リランキング,多目的最適化で順位を微調整。,https://gkentei.techblog.jp/,
推薦,探索的推薦,未知の嗜好を発見するための提示。,https://gkentei.techblog.jp/,
異常検知,LOF（局所外れ値因子）,近傍密度に基づく外れ値検知。,https://gkentei.techblog.jp/,
異常検知,Isolation Forest,ランダム分割で孤立度を計測。,https://gkentei.techblog.jp/,
異常検知,One-Class SVM,正常データの境界を学習する手法。,https://gkentei.techblog.jp/,
時系列,移動平均（MA）,過去の誤差の線形結合で表すモデル。,https://gkentei.techblog.jp/,
時系列,指数平滑法,直近に重みを置く平滑化。,https://gkentei.techblog.jp/,
時系列,状態空間モデル,潜在状態で系列を表現する枠組み。,https://gkentei.techblog.jp/,
時系列,カルマンフィルタ,線形ガウス系の最適推定。,https://gkentei.techblog.jp/,
時系列,粒子フィルタ,非線形・非ガウス系の近似推定。,https://gkentei.techblog.jp/,
CV,ガボールフィルタ,周波数と方向性を持つフィルタ。,https://gkentei.techblog.jp/,
CV,Cannyエッジ,エッジ検出の代表的アルゴリズム。,https://gkentei.techblog.jp/,
CV,非極大抑制,局所最大以外を抑える処理。,https://gkentei.techblog.jp/,
CV,NMS（Non-Maximum Suppression）,重複検出の抑制。,https://gkentei.techblog.jp/,
CV,IoU（Jaccard index）,領域の重なり率。,https://gkentei.techblog.jp/,
最適化,余弦退火スケジューラ,余弦曲線で学習率を減衰。,https://gkentei.techblog.jp/,
最適化,ウォームアップ,初期学習率を段階的に上げる手法。,https://gkentei.techblog.jp/,
最適化,勾配クリッピング,勾配の発散を防ぐための上限制御。,https://gkentei.techblog.jp/,
統計,マン・ホイットニーのU検定,ノンパラメトリックな2群比較。,https://gkentei.techblog.jp/,
統計,ウィルコクソンの順位和検定,対応のある2群のノンパラ検定。,https://gkentei.techblog.jp/,
統計,コルモゴロフ–スミルノフ検定,分布の違いを検定する方法。,https://gkentei.techblog.jp/,
統計,シャピロ–ウィルク検定,正規性の検定。,https://gkentei.techblog.jp/,
統計,ブートストラップ,再標本化による不偏推定法。,https://gkentei.techblog.jp/,
生成AI,テキストから3D生成（T2I2T/NeRF）,テキスト条件で3D表現を生成。,https://gkentei.techblog.jp/,
生成AI,NeRF（ニューラル放射場）,視点に応じた輝度を連続表現で学習。,https://gkentei.techblog.jp/,
生成AI,Score Distillation Sampling,拡散モデルの知識を別表現に蒸留。,https://gkentei.techblog.jp/,
生成AI,生成の安全性フィルタ,不適切生成を抑制する仕組み。,https://gkentei.techblog.jp/,
知識表現,オントロジー,概念と関係の形式的定義。,https://gkentei.techblog.jp/,
知識表現,ナレッジグラフ,知識をグラフで表現した構造。,https://gkentei.techblog.jp/,
知識表現,RDF,主語-述語-目的語の三つ組表現。,https://gkentei.techblog.jp/,
知識表現,OWL,Web Ontology Language。,https://gkentei.techblog.jp/,
セキュリティ,モデル水印,学習済みモデルの所有権証明手法。,https://gkentei.techblog.jp/,
セキュリティ,データ匿名化,個人を特定できない形に加工。,https://gkentei.techblog.jp/,
セキュリティ,フェイク検知,生成物の真偽を見分ける技術。,https://gkentei.techblog.jp/,
システム,ONNX,深層学習モデルの交換フォーマット。,https://gkentei.techblog.jp/,
システム,TensorRT,NVIDIAの推論最適化ランタイム。,https://gkentei.techblog.jp/,
システム,ONNX Runtime,汎用の推論実行エンジン。,https://gkentei.techblog.jp/,
システム,TorchScript,PyTorchモデルの保存・実行形式。,https://gkentei.techblog.jp/,
システム,vLLM,LLM推論の高速エンジン。,https://gkentei.techblog.jp/,
システム,Triton Inference Server,サーバーサイドの推論基盤。,https://gkentei.techblog.jp/,
システム,CUDA,NVIDIAのGPU並列計算プラットフォーム。,https://gkentei.techblog.jp/,
システム,cuDNN,GPU向け深層学習プリミティブ。,https://gkentei.techblog.jp/,
システム,ROCm,AMD GPU向けの計算プラットフォーム。,https://gkentei.techblog.jp/,
システム,NCCL,GPU間通信ライブラリ。,https://gkentei.techblog.jp/,
システム,TPU,Googleの行列演算に特化したハード。,https://gkentei.techblog.jp/,
システム,KVキャッシュ,生成時に注意計算を節約する仕組み。,https://gkentei.techblog.jp/,
システム,スペキュレイティブデコード,予測候補を並走させて推論を高速化。,https://gkentei.techblog.jp/,
システム,シャーディング,パラメータを分割して分散配置。,https://gkentei.techblog.jp/,
システム,パイプライン並列,層ごとに分配して並列学習。,https://gkentei.techblog.jp/,
システム,データ並列,データを分割して並列学習。,https://gkentei.techblog.jp/,
効率化,量子化（Quantization）,精度を下げて計算・メモリを削減。,https://gkentei.techblog.jp/,
効率化,蒸留（Knowledge Distillation）,大モデルの知識を小モデルへ継承。,https://gkentei.techblog.jp/,
効率化,剪定（Pruning）,不要な重み・構造を削除して軽量化。,https://gkentei.techblog.jp/,
効率化,混合専門家（MoE）,専門家サブネットを切替えて効率化。,https://gkentei.techblog.jp/,
効率化,bfloat16,訓練で使われる16bit精度形式。,https://gkentei.techblog.jp/,
効率化,FP16,半精度浮動小数点。,https://gkentei.techblog.jp/,
効率化,INT8,8bit整数での量子化表現。,https://gkentei.techblog.jp/,
LLM,トークン制限,一度に扱えるトークン数の上限。,https://gkentei.techblog.jp/,
LLM,システムプロンプト,モデルの役割や方針を定める指示。,https://gkentei.techblog.jp/,
LLM,ツール呼び出し安全性,外部実行時の権限・検査の設計。,https://gkentei.techblog.jp/,
LLM,安全対策（レッドチーミング）,脆弱性探索と対策検証の実施。,https://gkentei.techblog.jp/,
音声,WER（単語誤り率）,ASRの誤り率指標。,https://gkentei.techblog.jp/,
音声,CER（文字誤り率）,日本語ASRで用いられる指標。,https://gkentei.techblog.jp/,
音声,MOS（主観評価）,音質の平均意見評点。,https://gkentei.techblog.jp/,
倫理・政策,GDPR,EU一般データ保護規則。,https://gkentei.techblog.jp/,
倫理・政策,CCPA,カリフォルニア州消費者プライバシー法。,https://gkentei.techblog.jp/,
倫理・政策,個人情報保護法（日本）,日本の個人情報保護の基本法。,https://gkentei.techblog.jp/,
倫理・政策,EU AI法,リスクベースのAI規制枠組み。,https://gkentei.techblog.jp/,
データ,CSV,カンマ区切りの表形式テキスト。,https://gkentei.techblog.jp/,
データ,JSONL,1行1レコードのJSON形式。,https://gkentei.techblog.jp/,
データ,Parquet,列指向・圧縮効率の高いフォーマット。,https://gkentei.techblog.jp/,
データ,Apache Arrow,列指向の共通メモリフォーマット。,https://gkentei.techblog.jp/,
データ,Avro,スキーマ付きのシリアライズ形式。,https://gkentei.techblog.jp/,
データ,Protocol Buffers,型付きのバイナリシリアライズ。,https://gkentei.techblog.jp/,
品質,データバリデーション,スキーマや統計でデータ品質を検証。,https://gkentei.techblog.jp/,
品質,モデル健全性チェック,入力・出力の分布やメトリクスを監視。,https://gkentei.techblog.jp/,
品質,負荷試験（推論）,スループット・レイテンシの評価。,https://gkentei.techblog.jp/,
品質,ユニットテスト（ML）,前処理・特徴関数単位の自動テスト。,https://gkentei.techblog.jp/,
NLP,固有表現抽出,人名・地名などのラベル付け。,https://gkentei.techblog.jp/,
NLP,文書分類,文書をカテゴリに割り当てる。,https://gkentei.techblog.jp/,
NLP,感情分析,感情の極性を推定。,https://gkentei.techblog.jp/,
NLP,句読点復元,音声起こしテキストに句読点を付与。,https://gkentei.techblog.jp/,
CV,深度推定,画像から距離情報を推定。,https://gkentei.techblog.jp/,
CV,光学フロー推定,ピクセル移動量を推定。,https://gkentei.techblog.jp/,
CV,三次元再構成,複数画像から3D形状を推定。,https://gkentei.techblog.jp/,
基礎数学,相互情報量,2変数間の情報共有量。,https://gkentei.techblog.jp/,
基礎数学,シャノン情報量,不確実性の尺度。,https://gkentei.techblog.jp/,
基礎数学,マルコフ性,現在が未来と過去を分離する性質。,https://gkentei.techblog.jp/,
基礎数学,凸関数・凹関数,曲率の符号で定まる関数の性質。,https://gkentei.techblog.jp/,
基礎数学,ラグランジュの未定乗数法,制約付き最適化の古典手法。,https://gkentei.techblog.jp/,
基礎数学,双対問題,原問題と対になる最適化問題。,https://gkentei.techblog.jp/,
強化学習,アクタ・クリティック,方策と価値を分離して学習。,https://gkentei.techblog.jp/,
強化学習,優先度付き経験再生,学習に重要なサンプルを優先。,https://gkentei.techblog.jp/,
強化学習,カリーキュラム学習,難易度を段階づけて学習。,https://gkentei.techblog.jp/,
基礎数学,ベイズ推定,事前分布とデータから事後分布を得る推定。,https://gkentei.techblog.jp/,
基礎数学,ガウス過程,関数に対する確率分布のモデル化。,https://gkentei.techblog.jp/,
基礎数学,マルコフ連鎖モンテカルロ（MCMC）,サンプリングで分布を近似。,https://gkentei.techblog.jp/,
基礎数学,ギブスサンプリング,条件付き分布で交互サンプリング。,https://gkentei.techblog.jp/,
基礎数学,メトロポリス–ヘイスティングス法,受容拒否により目標分布に収束。,https://gkentei.techblog.jp/,
検索・埋め込み,LSH（局所性鋭敏ハッシュ）,近いベクトルを同じバケットに落とす手法。,https://gkentei.techblog.jp/,
データ,ブルームフィルタ,集合所属の確率的判定構造。,https://gkentei.techblog.jp/,
MLOps,実験追跡,ハイパラと成果を記録・比較。,https://gkentei.techblog.jp/,
MLOps,モデルカード,モデルの用途・性能・注意点の文書。,https://gkentei.techblog.jp/,
倫理・政策,アカウンタビリティ,説明責任と検証可能性の確保。,https://gkentei.techblog.jp/,
倫理・政策,透明性,仕組みと根拠を明らかにすること。,https://gkentei.techblog.jp/,
倫理・政策,ガバナンス,方針・プロセスでリスクを管理。,https://gkentei.techblog.jp/,
生成AI,自己一致デコード,出力の一貫性を高めるデコード法。,https://gkentei.techblog.jp/,
LLM,Retrieval-Augmented Generation（RAG）,検索結果を条件として取り込む生成。,https://gkentei.techblog.jp/,
LLM,システムプロンプト設計,役割・出力形式・制約の明記。,https://gkentei.techblog.jp/,
LLM,評価用プロンプト,再現性ある比較評価のための定形指示。,https://gkentei.techblog.jp/,
深層学習,ラベルスムージング,過度な確信を抑えて汎化を促進。,https://gkentei.techblog.jp/,
前処理,正規化（0-1）,最小最大で0〜1にスケーリング。,https://gkentei.techblog.jp/,
前処理,対数変換,歪度の大きな分布を緩和。,https://gkentei.techblog.jp/,
CV,ガンマ補正,輝度非線形を補正する前処理。,https://gkentei.techblog.jp/,
NLP,サブワード正規化,全角半角・表記揺れの統一。,https://gkentei.techblog.jp/,
NLP,データ整形（クリーニング）,不要文字・重複の除去や正規化。,https://gkentei.techblog.jp/,
プライバシー,k-匿名化,識別子を一般化し個人特定を困難化。,https://gkentei.techblog.jp/,
プライバシー,l-多様性,同一グループ内の感度属性の多様性確保。,https://gkentei.techblog.jp/,
プライバシー,t-近似不可区別性,分布の近さで再識別を防ぐ指標。,https://gkentei.techblog.jp/,
プライバシー,準同型暗号,暗号化したまま計算を可能にする技術。,https://gkentei.techblog.jp/,
プライバシー,安全な多者計算（MPC）,秘密を保持したまま共同計算。,https://gkentei.techblog.jp/,
分散学習,FedAvg（フェデレーテッド平均）,端末側更新を平均して集約。,https://gkentei.techblog.jp/,
強化学習,模倣学習,専門家データに倣って方策を学習。,https://gkentei.techblog.jp/,
強化学習,逆強化学習,観測行動から報酬関数を推定。,https://gkentei.techblog.jp/,
強化学習,報酬設計（リワードシェーピング）,学習を促すための報酬工夫。,https://gkentei.techblog.jp/,
LLM,ハルシネーション,事実と異なる内容を自信満々に生成。,https://gkentei.techblog.jp/,
LLM,アラインメント（整合）,人間の価値観に沿うよう調整。,https://gkentei.techblog.jp/,
LLM,プロンプトインジェクション,隠し指示の混入で挙動を誘導する攻撃。,https://gkentei.techblog.jp/,
セキュリティ,ジェイルブレイク,安全制御を回避させる攻撃手法。,https://gkentei.techblog.jp/,
セキュリティ,プロンプト漏洩,システムプロンプトが出力に現れる事故。,https://gkentei.techblog.jp/,
MLOps,データカタログ,データ資産を整理・発見可能にする台帳。,https://gkentei.techblog.jp/,
MLOps,スキーマドリフト,データの型や列が変わる問題。,https://gkentei.techblog.jp/,
MLOps,観測可能性（Observability）,ログ/メトリクス/トレースで挙動を把握。,https://gkentei.techblog.jp/,
評価,人間評価（ヒューマンエバル）,人手で品質を比較・採点。,https://gkentei.techblog.jp/,
評価,ペアワイズ比較,2候補の相対評価。,https://gkentei.techblog.jp/,
評価,アノテーションガイドライン,ラベル付けの一貫性を保つ基準。,https://gkentei.techblog.jp/,
倫理・政策,レイティングガイドライン,生成物の年齢制限・基準の策定。,https://gkentei.techblog.jp/,